<pkgref spec="1.12" uuid="28066160-B5F5-4657-9146-B88384675349"><config><identifier>com.silentnotary.silentNotary.cil-core.pkg</identifier><version>1.0</version><description></description><post-install type="none"/><requireAuthorization/><installFrom includeRoot="true">/Users/vooglooscr/projects/cil-core</installFrom><installTo mod="true">/opt/</installTo><flags><followSymbolicLinks/></flags><packageStore type="internal"></packageStore><mod>installTo.path</mod><mod>includeRoot</mod><mod>installTo</mod><mod>parent</mod></config><scripts><scripts-dir mod="true">/Users/vooglooscr/projects/Scripts.d</scripts-dir></scripts><contents><file-list>01cil-contents.xml</file-list><filter>/CVS$</filter><filter>/\.svn$</filter><filter>/\.cvsignore$</filter><filter>/\.cvspass$</filter><filter>/\.DS_Store$</filter></contents></pkgref>