<pkmkdoc spec="1.12"><properties><title>Silent Notary</title><build>/Users/vooglooscr/projects/Silent Notary.pkg</build><organization>com.silentnotary</organization><userSees ui="easy"/><min-target os="1"/><domain system="true"/></properties><distribution><versions min-spec="1.000000"/><scripts></scripts></distribution><contents><choice title="cil-core" id="choice0" starts_selected="true" starts_enabled="true" starts_hidden="true"><pkgref id="com.silentnotary.silentNotary.cil-core.pkg"/></choice></contents><resources bg-scale="none" bg-align="topleft"><locale lang="ru-RU"/></resources><flags/><item type="file">01cil.xml</item><mod>properties.title</mod><mod>properties.anywhereDomain</mod><mod>properties.systemDomain</mod></pkmkdoc>